wb_20250113202238_proseavalonpointe_fp-a1.html	20250113202238	https://proseavalonpointe.com/floorplans/a1/
wb_20250216085232_proseavalonpointe_floorplans.html	20250216085232	https://proseavalonpointe.com/floorplans/
wb_20250322055752_proseavalonpointe_fp-b1.html	20250322055752	https://proseavalonpointe.com/floorplans/b1/
wb_20250416091828_proseavalonpointe_availability.html	20250416091828	https://proseavalonpointe.com/check-availability/?rp-oll-page=login
wb_20250419113250_proseavalonpointe_fp-a1.html	20250419113250	https://proseavalonpointe.com/floorplans/a1/
wb_20250523075720_proseavalonpointe_availability.html	20250523075720	https://proseavalonpointe.com/check-availability/?rp-oll-page=login
wb_20250621195619_proseavalonpointe_availability.html	20250621195619	https://proseavalonpointe.com/check-availability/
wb_20250621201454_proseavalonpointe_floorplans.html	20250621201454	https://proseavalonpointe.com/floorplans/
wb_20250813224553_proseavalonpointe_fp-a1.html	20250813224553	https://proseavalonpointe.com/floorplans/a1/
wb_20250813224931_proseavalonpointe_fp-b1.html	20250813224931	https://proseavalonpointe.com/floorplans/b1/
wb_20251014070022_proseavalonpointe_availability.html	20251014070022	https://proseavalonpointe.com/check-availability/?rp-oll-page=login
wb_20251108151810_proseavalonpointe_availability.html	20251108151810	https://proseavalonpointe.com/check-availability/
wb_20251108154109_proseavalonpointe_fp-a1.html	20251108154109	https://proseavalonpointe.com/floorplans/a1/
wb_20251212184947_proseavalonpointe_fp-b1.html	20251212184947	https://proseavalonpointe.com/floorplans/b1/
wb_20260121093455_proseavalonpointe_availability.html	20260121093455	https://proseavalonpointe.com/check-availability/?rp-oll-page=login
wb_20260313073734_proseavalonpointe_availability.html	20260313073734	https://proseavalonpointe.com/check-availability/
wb_20260412133010_proseavalonpointe_fp-a1.html	20260412133010	https://proseavalonpointe.com/floorplans/a1/
wb_20260512154831_proseavalonpointe_fp-b1.html	20260512154831	https://proseavalonpointe.com/floorplans/b1/
wb_20250124173452_prosehorizonsvillage_availability.html	20250124173452	https://prosehorizonsvillage.com/check-availability/?rp-oll-page=login/
wb_20250219051418_prosehorizonsvillage_floorplans.html	20250219051418	https://prosehorizonsvillage.com/floorplans/
wb_20250323103422_prosehorizonsvillage_fp-b1.html	20250323103422	https://prosehorizonsvillage.com/floorplans/b1/
wb_20250323111957_prosehorizonsvillage_fp-a1.html	20250323111957	https://prosehorizonsvillage.com/floorplans/a1/
wb_20250418201916_prosehorizonsvillage_availability.html	20250418201916	https://prosehorizonsvillage.com/check-availability/?rp-oll-page=login/
wb_20250513100341_prosehorizonsvillage_floorplans.html	20250513100341	https://prosehorizonsvillage.com/floorplans/
wb_20250621170434_prosehorizonsvillage_floorplans.html	20250621170434	https://prosehorizonsvillage.com/floorplans/
wb_20250714120528_prosehorizonsvillage_floorplans.html	20250714120528	https://prosehorizonsvillage.com/floorplans/
wb_20250806205932_prosehorizonsvillage_fp-b1.html	20250806205932	https://prosehorizonsvillage.com/floorplans/b1/
wb_20251111013407_prosehorizonsvillage_fp-b1.html	20251111013407	https://prosehorizonsvillage.com/floorplans/b1/
wb_20251111021843_prosehorizonsvillage_fp-a1.html	20251111021843	https://prosehorizonsvillage.com/floorplans/a1/
wb_20251111022838_prosehorizonsvillage_availability.html	20251111022838	https://prosehorizonsvillage.com/check-availability/?rp-oll-page=login/
wb_20251205053148_prosehorizonsvillage_floorplans.html	20251205053148	https://prosehorizonsvillage.com/floorplans/
wb_20260312171802_prosehorizonsvillage_fp-a1.html	20260312171802	https://prosehorizonsvillage.com/floorplans/a1/
wb_20260410085427_prosehorizonsvillage_fp-b1.html	20260410085427	https://prosehorizonsvillage.com/floorplans/b1/
wb_20260410090332_prosehorizonsvillage_fp-a1-ll.html	20260410090332	https://prosehorizonsvillage.com/floorplans/a1-ll/
wb_20260410101016_prosehorizonsvillage_fp-b1-ll.html	20260410101016	https://prosehorizonsvillage.com/floorplans/b1-ll/
wb_20260610213744_prosehorizonsvillage_floorplans.html	20260610213744	https://prosehorizonsvillage.com/floorplans/
wb_20260610220331_prosehorizonsvillage_fp-a1.html	20260610220331	https://prosehorizonsvillage.com/floorplans/a1/
wb_20250613043202_prosestevenspointe_fp-a1.html	20250613043202	https://prosestevenspointe.com/floorplans/a1/
wb_20250916043725_prosestevenspointe_fp-b1.html	20250916043725	https://prosestevenspointe.com/floorplans/b1/
wb_20251012113815_prosestevenspointe_fp-a1.html	20251012113815	https://prosestevenspointe.com/floorplans/a1/
wb_20251206002609_prosestevenspointe_fp-b1.html	20251206002609	https://prosestevenspointe.com/floorplans/b1/
wb_20260217122319_prosestevenspointe_fp-a1.html	20260217122319	https://prosestevenspointe.com/floorplans/a1/
wb_20260411045756_prosestevenspointe_floorplans.html	20260411045756	https://prosestevenspointe.com/floorplans/
wb_20260613154722_prosestevenspointe_fp-b1.html	20260613154722	https://prosestevenspointe.com/floorplans/b1/
wb_20250117133717_tesora_unit-CH4-201.html	20250117133717	https://www.livetesora.com/floor-plans/apartment/CH4-201
wb_20250117140054_tesora_unit-CH5-201.html	20250117140054	https://www.livetesora.com/floor-plans/apartment/CH5-201
wb_20250117143754_tesora_floorplans.html	20250117143754	https://www.livetesora.com/floor-plans/
wb_20250117144842_tesora_unit-CH1-201.html	20250117144842	https://www.livetesora.com/floor-plans/apartment/CH1-201
wb_20250211104044_tesora_unit-05-303.html	20250211104044	https://www.livetesora.com/floor-plans/apartment/05-303
wb_20250211114214_tesora_floorplans.html	20250211114214	https://www.livetesora.com/floor-plans/
wb_20250211115109_tesora_unit-06-303.html	20250211115109	https://www.livetesora.com/floor-plans/apartment/06-303
wb_20250211125603_tesora_unit-06-203.html	20250211125603	https://www.livetesora.com/floor-plans/apartment/06-203
wb_20250328012734_tesora_unit-01-303.html	20250328012734	https://www.livetesora.com/floor-plans/apartment/01-303
wb_20250427000515_tesora_unit-01-305.html	20250427000515	https://www.livetesora.com/floor-plans/apartment/01-305
wb_20250427003324_tesora_unit-03-303.html	20250427003324	https://www.livetesora.com/floor-plans/apartment/03-303
wb_20250514005348_tesora_unit-07-203.html	20250514005348	https://www.livetesora.com/floor-plans/apartment/07-203
wb_20250514005517_tesora_unit-CH4-202.html	20250514005517	https://www.livetesora.com/floor-plans/apartment/CH4-202
wb_20250514010127_tesora_unit-09-303.html	20250514010127	https://www.livetesora.com/floor-plans/apartment/09-303
wb_20250514010304_tesora_unit-10-203.html	20250514010304	https://www.livetesora.com/floor-plans/apartment/10-203
wb_20250514010848_tesora_unit-09-104.html	20250514010848	https://www.livetesora.com/floor-plans/apartment/09-104
wb_20250514011220_tesora_unit-07-204.html	20250514011220	https://www.livetesora.com/floor-plans/apartment/07-204
wb_20250514011726_tesora_unit-CH5-202.html	20250514011726	https://www.livetesora.com/floor-plans/apartment/CH5-202
wb_20250514012826_tesora_unit-10-204.html	20250514012826	https://www.livetesora.com/floor-plans/apartment/10-204
wb_20250514012902_tesora_unit-08-203.html	20250514012902	https://www.livetesora.com/floor-plans/apartment/08-203
wb_20250514014714_tesora_unit-01-203.html	20250514014714	https://www.livetesora.com/floor-plans/apartment/01-203
wb_20250514015405_tesora_unit-CH1-202.html	20250514015405	https://www.livetesora.com/floor-plans/apartment/CH1-202
wb_20250514020012_tesora_unit-09-203.html	20250514020012	https://www.livetesora.com/floor-plans/apartment/09-203
wb_20250514020239_tesora_unit-10-103.html	20250514020239	https://www.livetesora.com/floor-plans/apartment/10-103
wb_20250514020315_tesora_unit-07-303.html	20250514020315	https://www.livetesora.com/floor-plans/apartment/07-303
wb_20250514021509_tesora_unit-10-303.html	20250514021509	https://www.livetesora.com/floor-plans/apartment/10-303
wb_20250514022126_tesora_unit-10-104.html	20250514022126	https://www.livetesora.com/floor-plans/apartment/10-104
wb_20250514023307_tesora_unit-10-304.html	20250514023307	https://www.livetesora.com/floor-plans/apartment/10-304
wb_20250514023339_tesora_unit-08-303.html	20250514023339	https://www.livetesora.com/floor-plans/apartment/08-303
wb_20250514023521_tesora_unit-CH3-201.html	20250514023521	https://www.livetesora.com/floor-plans/apartment/CH3-201
wb_20250514023555_tesora_unit-CH3-202.html	20250514023555	https://www.livetesora.com/floor-plans/apartment/CH3-202
wb_20250621162214_tesora_unit-09-103.html	20250621162214	https://www.livetesora.com/floor-plans/apartment/09-103
wb_20250621163415_tesora_unit-01-304.html	20250621163415	https://www.livetesora.com/floor-plans/apartment/01-304
wb_20250621164127_tesora_unit-06-103.html	20250621164127	https://www.livetesora.com/floor-plans/apartment/06-103
wb_20250621165042_tesora_unit-09-304.html	20250621165042	https://www.livetesora.com/floor-plans/apartment/09-304
wb_20250621170352_tesora_unit-06-104.html	20250621170352	https://www.livetesora.com/floor-plans/apartment/06-104
wb_20250621170601_tesora_unit-04-204.html	20250621170601	https://www.livetesora.com/floor-plans/apartment/04-204
wb_20250621170823_tesora_unit-03-103.html	20250621170823	https://www.livetesora.com/floor-plans/apartment/03-103
wb_20250621170954_tesora_floorplans.html	20250621170954	https://www.livetesora.com/floor-plans/
wb_20250621173703_tesora_unit-CH2-202.html	20250621173703	https://www.livetesora.com/floor-plans/apartment/CH2-202
wb_20250621173736_tesora_unit-04-103.html	20250621173736	https://www.livetesora.com/floor-plans/apartment/04-103
wb_20250621174542_tesora_unit-01-205.html	20250621174542	https://www.livetesora.com/floor-plans/apartment/01-205
wb_20250621175215_tesora_unit-01-302.html	20250621175215	https://www.livetesora.com/floor-plans/apartment/01-302
wb_20250708013704_tesora_unit-05-304.html	20250708013704	https://www.livetesora.com/floor-plans/apartment/05-304
