wb_20240302035431_prosestevenspointe_fp-b1.html	20240302035431	https://prosestevenspointe.com/floorplans/b1/
wb_20240423073644_prosestevenspointe_floorplans.html	20240423073644	https://prosestevenspointe.com/floorplans/
wb_20240522145545_prosestevenspointe_fp-b1.html	20240522145545	https://prosestevenspointe.com/floorplans/b1/
wb_20240522150945_prosestevenspointe_fp-a1.html	20240522150945	https://prosestevenspointe.com/floorplans/a1/
wb_20240524194258_tesora_floorplans.html	20240524194258	https://www.livetesora.com/floor-plans/
wb_20240614115535_prosehorizonsvillage_fp-b1.html	20240614115535	https://prosehorizonsvillage.com/floorplans/b1/
wb_20240614121353_prosehorizonsvillage_floorplans.html	20240614121353	https://prosehorizonsvillage.com/floorplans/
wb_20240614125928_prosehorizonsvillage_fp-a1.html	20240614125928	https://prosehorizonsvillage.com/floorplans/a1/
wb_20240614131200_prosehorizonsvillage_availability.html	20240614131200	https://prosehorizonsvillage.com/check-availability/?rp-oll-page=login/
wb_20240720235806_tesora_floorplans.html	20240720235806	https://www.livetesora.com/floor-plans/?view=grid&sort=minsquarefeet&order=ASC
wb_20240721000339_tesora_floorplans.html	20240721000339	https://www.livetesora.com/floor-plans/?view=grid&sort=minsquarefeet&order=DESC
wb_20240721000606_tesora_floorplans.html	20240721000606	https://www.livetesora.com/floor-plans/?sort=unitrent&order=ASC
wb_20240721001354_tesora_floorplans.html	20240721001354	https://www.livetesora.com/floor-plans/?view=grid&sort=unitrent&order=ASC&bed%5B%5D=1-bed
wb_20240721001857_tesora_floorplans.html	20240721001857	https://www.livetesora.com/floor-plans/?sort=minsquarefeet&order=DESC
wb_20240721002655_tesora_floorplans.html	20240721002655	https://www.livetesora.com/floor-plans/?view=grid&sort=unitrent&order=ASC&bath%5B%5D=1-bath
wb_20240721003419_tesora_floorplans.html	20240721003419	https://www.livetesora.com/floor-plans/?view=grid&sort=unitrent&order=ASC
wb_20240721005828_tesora_floorplans.html	20240721005828	https://www.livetesora.com/floor-plans/?sort=vacantdate&order=ASC
wb_20240721010327_tesora_floorplans.html	20240721010327	https://www.livetesora.com/floor-plans/?sort=vacantdate&order=DESC
wb_20240721010536_tesora_floorplans.html	20240721010536	https://www.livetesora.com/floor-plans/?view=grid&sort=unitrent&order=ASC&bath%5B%5D=2-bath
wb_20240721011033_tesora_unit-CH1-201.html	20240721011033	https://www.livetesora.com/floor-plans/apartment/CH1-201
wb_20240721011832_tesora_floorplans.html	20240721011832	https://www.livetesora.com/floor-plans/?sort=unitrent&order=ASC&view=list
wb_20240721013917_tesora_floorplans.html	20240721013917	https://www.livetesora.com/floor-plans/?view=grid
wb_20240721014011_tesora_floorplans.html	20240721014011	https://www.livetesora.com/floor-plans/?sort=minsquarefeet&order=ASC
wb_20240721014623_tesora_floorplans.html	20240721014623	https://www.livetesora.com/floor-plans/?view=grid&sort=vacantdate&order=ASC
wb_20240721015427_tesora_floorplans.html	20240721015427	https://www.livetesora.com/floor-plans/?view=grid&sort=unitrent&order=ASC&bed%5B%5D=2-bed
wb_20240721020347_tesora_floorplans.html	20240721020347	https://www.livetesora.com/floor-plans/?sort=unitrent&order=ASC&view=grid
wb_20240721020421_tesora_floorplans.html	20240721020421	https://www.livetesora.com/floor-plans/?view=grid&sort=vacantdate&order=DESC
wb_20240722042309_prosestevenspointe_floorplans.html	20240722042309	https://prosestevenspointe.com/floorplans/
wb_20240807054906_prosehorizonsvillage_floorplans.html	20240807054906	https://prosehorizonsvillage.com/floorplans/
wb_20240909153749_prosehorizonsvillage_fp-a1.html	20240909153749	https://prosehorizonsvillage.com/floorplans/a1/
wb_20240913111228_prosehorizonsvillage_availability.html	20240913111228	https://prosehorizonsvillage.com/check-availability/?rp-oll-page=login%2F
wb_20240913153447_prosehorizonsvillage_floorplans.html	20240913153447	https://prosehorizonsvillage.com/floorplans/
wb_20240914162408_tesora_floorplans.html	20240914162408	https://www.livetesora.com/floor-plans/
wb_20241010071518_tesora_floorplans.html	20241010071518	https://www.livetesora.com/floor-plans/?view=grid&sort=unitrent&order=DESC
wb_20241010083450_tesora_floorplans.html	20241010083450	https://www.livetesora.com/floor-plans/?view=grid&sort=vacantdate&order=ASC
wb_20241112181013_tesora_floorplans.html	20241112181013	https://www.livetesora.com/floor-plans/?view=grid&sort=minsquarefeet&order=ASC
wb_20241112181623_tesora_floorplans.html	20241112181623	https://www.livetesora.com/floor-plans/?view=grid&sort=vacantdate&order=ASC&bed%5B%5D=2-bed
wb_20241112182149_tesora_unit-01-303.html	20241112182149	https://www.livetesora.com/floor-plans/apartment/01-303
wb_20241112182645_tesora_unit-05-303.html	20241112182645	https://www.livetesora.com/floor-plans/apartment/05-303
wb_20241112183617_tesora_floorplans.html	20241112183617	https://www.livetesora.com/floor-plans/?view=grid&sort=unitrent&order=ASC&bed%5B%5D=1-bed
wb_20241112184016_tesora_floorplans.html	20241112184016	https://www.livetesora.com/floor-plans/?view=grid&sort=minsquarefeet&order=DESC&bed%5B%5D=1-bed
wb_20241112184229_tesora_floorplans.html	20241112184229	https://www.livetesora.com/floor-plans/?sort=minsquarefeet&order=DESC
wb_20241112184441_tesora_floorplans.html	20241112184441	https://www.livetesora.com/floor-plans/?sort=vacantdate&order=ASC&view=list
wb_20241112185330_tesora_floorplans.html	20241112185330	https://www.livetesora.com/floor-plans/?sort=unitrent&order=DESC
wb_20241112185501_tesora_floorplans.html	20241112185501	https://www.livetesora.com/floor-plans/?view=grid&sort=unitrent&order=ASC&bath%5B%5D=1-bath
wb_20241112185638_tesora_floorplans.html	20241112185638	https://www.livetesora.com/floor-plans/?sort=minsquarefeet&order=DESC&view=list
wb_20241112185858_tesora_unit-05-304.html	20241112185858	https://www.livetesora.com/floor-plans/apartment/05-304
wb_20241112190714_tesora_unit-02-303.html	20241112190714	https://www.livetesora.com/floor-plans/apartment/02-303
wb_20241112191411_tesora_floorplans.html	20241112191411	https://www.livetesora.com/floor-plans/?view=grid&sort=unitrent&order=DESC&bed%5B%5D=1-bed
wb_20241112192205_tesora_floorplans.html	20241112192205	https://www.livetesora.com/floor-plans/?floorplanid=5187837&view=grid&sort=vacantdate&order=ASC&bath%5B%5D=1-bath
wb_20241112192245_tesora_floorplans.html	20241112192245	https://www.livetesora.com/floor-plans/?sort=vacantdate&order=ASC&view=grid
wb_20241112192902_tesora_floorplans.html	20241112192902	https://www.livetesora.com/floor-plans/
wb_20241112193909_tesora_floorplans.html	20241112193909	https://www.livetesora.com/floor-plans/?sort=vacantdate&order=DESC
wb_20241112194133_tesora_floorplans.html	20241112194133	https://www.livetesora.com/floor-plans/?view=grid&sort=unitrent&order=ASC&bath%5B%5D=2-bath
wb_20241112194942_tesora_floorplans.html	20241112194942	https://www.livetesora.com/floor-plans/?sort=minsquarefeet&order=DESC&view=grid
wb_20241112195250_tesora_floorplans.html	20241112195250	https://www.livetesora.com/floor-plans/?sort=unitrent&order=DESC&view=grid
wb_20241112195522_tesora_floorplans.html	20241112195522	https://www.livetesora.com/floor-plans/?view=grid&sort=vacantdate&order=ASC&bed%5B%5D=1-bed
wb_20241112195559_tesora_floorplans.html	20241112195559	https://www.livetesora.com/floor-plans/?view=grid&sort=unitrent&order=DESC&bed%5B%5D=2-bed
wb_20241112195632_tesora_floorplans.html	20241112195632	https://www.livetesora.com/floor-plans/?sort=unitrent&order=ASC&view=list
wb_20241112195912_tesora_unit-03-104.html	20241112195912	https://www.livetesora.com/floor-plans/apartment/03-104
wb_20241112201320_tesora_floorplans.html	20241112201320	https://www.livetesora.com/floor-plans/?view=grid
wb_20241112201448_tesora_floorplans.html	20241112201448	https://www.livetesora.com/floor-plans/?sort=minsquarefeet&order=ASC
wb_20241112202251_tesora_floorplans.html	20241112202251	https://www.livetesora.com/floor-plans/?view=grid&sort=minsquarefeet&order=DESC&bath%5B%5D=2-bath
wb_20241112202331_tesora_floorplans.html	20241112202331	https://www.livetesora.com/floor-plans/?view=grid&sort=minsquarefeet&order=DESC&bath%5B%5D=1-bath
wb_20241112203039_tesora_floorplans.html	20241112203039	https://www.livetesora.com/floor-plans/?sort=unitrent&order=DESC&view=list
wb_20241112203203_tesora_floorplans.html	20241112203203	https://www.livetesora.com/floor-plans/?view=grid&sort=unitrent&order=ASC&bed%5B%5D=2-bed
wb_20241112203605_tesora_floorplans.html	20241112203605	https://www.livetesora.com/floor-plans/?floorplanid=5187837&view=grid&sort=vacantdate&order=ASC&bed%5B%5D=1-bed
wb_20241112203924_tesora_floorplans.html	20241112203924	https://www.livetesora.com/floor-plans/?view=grid&sort=unitrent&order=DESC&bath%5B%5D=1-bath
wb_20241112203959_tesora_unit-01-103.html	20241112203959	https://www.livetesora.com/floor-plans/apartment/01-103
wb_20241112204039_tesora_floorplans.html	20241112204039	https://www.livetesora.com/floor-plans/?view=grid&sort=minsquarefeet&order=DESC&bed%5B%5D=2-bed
wb_20241112204230_tesora_floorplans.html	20241112204230	https://www.livetesora.com/floor-plans/?view=grid&sort=vacantdate&order=DESC
wb_20241202224731_prosehorizonsvillage_fp-b1.html	20241202224731	https://prosehorizonsvillage.com/floorplans/b1/
wb_20241202234103_prosehorizonsvillage_fp-a1.html	20241202234103	https://prosehorizonsvillage.com/floorplans/a1/
wb_20241211144609_tesora_floorplans.html	20241211144609	https://www.livetesora.com/floor-plans/?bath%5B%5D=2-bath&view=grid&sort=unitrent&order=ASC
wb_20241211144845_tesora_floorplans.html	20241211144845	https://www.livetesora.com/floor-plans/?bath%5B%5D=2-bath&view=grid&sort=minsquarefeet&order=DESC
wb_20241211145050_tesora_unit-03-306.html	20241211145050	https://www.livetesora.com/floor-plans/apartment/03-306
wb_20241211145513_tesora_floorplans.html	20241211145513	https://www.livetesora.com/floor-plans/?bed%5B%5D=1-bed&sort=vacantdate&order=ASC&view=list
wb_20241211145604_tesora_floorplans.html	20241211145604	https://www.livetesora.com/floor-plans/?bath%5B%5D=2-bath&sort=vacantdate&order=ASC&view=list
wb_20241211145659_tesora_floorplans.html	20241211145659	https://www.livetesora.com/floor-plans/?view=grid&sort=vacantdate&order=DESC&bed%5B%5D=2-bed
wb_20241211145834_tesora_floorplans.html	20241211145834	https://www.livetesora.com/floor-plans/?view=grid&sort=minsquarefeet&order=ASC&bath%5B%5D=2-bath
wb_20241211150131_tesora_unit-01-207.html	20241211150131	https://www.livetesora.com/floor-plans/apartment/01-207
wb_20241211150229_tesora_floorplans.html	20241211150229	https://www.livetesora.com/floor-plans/?bath%5B%5D=1-bath&floorplanid=5187837&sort=vacantdate&order=ASC&view=list
wb_20241211150319_tesora_floorplans.html	20241211150319	https://www.livetesora.com/floor-plans/?bed%5B%5D=2-bed&view=grid&sort=minsquarefeet&order=ASC
wb_20241211150458_tesora_floorplans.html	20241211150458	https://www.livetesora.com/floor-plans/?bath%5B%5D=2-bath&sort=minsquarefeet&order=DESC&view=list
wb_20241211150546_tesora_unit-01-201.html	20241211150546	https://www.livetesora.com/floor-plans/apartment/01-201
wb_20241211150840_tesora_unit-01-304.html	20241211150840	https://www.livetesora.com/floor-plans/apartment/01-304
wb_20241211151005_tesora_floorplans.html	20241211151005	https://www.livetesora.com/floor-plans/?floorplanid=5187838&view=grid&sort=vacantdate&order=ASC&bath%5B%5D=2-bath
wb_20241211151352_tesora_floorplans.html	20241211151352	https://www.livetesora.com/floor-plans/
wb_20241211152506_tesora_floorplans.html	20241211152506	https://www.livetesora.com/floor-plans/?floorplanid=5187836&view=grid&sort=vacantdate&order=ASC&bath%5B%5D=1-bath
wb_20241211152546_tesora_floorplans.html	20241211152546	https://www.livetesora.com/floor-plans/?view=grid&sort=minsquarefeet&order=ASC&bed%5B%5D=2-bed
wb_20241211152852_tesora_floorplans.html	20241211152852	https://www.livetesora.com/floor-plans/?bed%5B%5D=1-bed&sort=unitrent&order=DESC&view=grid
wb_20241211152927_tesora_floorplans.html	20241211152927	https://www.livetesora.com/floor-plans/?bath%5B%5D=1-bath&view=grid&sort=vacantdate&order=ASC&bed%5B%5D=1-bed
wb_20241211153112_tesora_floorplans.html	20241211153112	https://www.livetesora.com/floor-plans/?bath%5B%5D=1-bath&floorplanid=5187837&view=grid&sort=minsquarefeet&order=DESC
wb_20241211153222_tesora_floorplans.html	20241211153222	https://www.livetesora.com/floor-plans/?bath%5B%5D=2-bath&view=grid&sort=unitrent&order=DESC&bed%5B%5D=2-bed
wb_20241211153639_tesora_floorplans.html	20241211153639	https://www.livetesora.com/floor-plans/?bed%5B%5D=1-bed&view=grid&sort=unitrent&order=ASC&bath%5B%5D=1-bath
wb_20241211153735_tesora_floorplans.html	20241211153735	https://www.livetesora.com/floor-plans/?bed%5B%5D=1-bed&sort=minsquarefeet&order=DESC&view=list
wb_20241211153850_tesora_floorplans.html	20241211153850	https://www.livetesora.com/floor-plans/?sort=vacantdate&order=DESC&view=list
wb_20241211154040_tesora_floorplans.html	20241211154040	https://www.livetesora.com/floor-plans/?bath%5B%5D=1-bath&floorplanid=5187837&view=grid&sort=vacantdate&order=DESC
wb_20241211154128_tesora_floorplans.html	20241211154128	https://www.livetesora.com/floor-plans/?bed%5B%5D=1-bed&sort=unitrent&order=ASC&view=grid
wb_20241211154243_tesora_unit-02-201.html	20241211154243	https://www.livetesora.com/floor-plans/apartment/02-201
wb_20241211154354_tesora_unit-04-204.html	20241211154354	https://www.livetesora.com/floor-plans/apartment/04-204
wb_20241211154429_tesora_floorplans.html	20241211154429	https://www.livetesora.com/floor-plans/?bed%5B%5D=2-bed&view=grid&sort=unitrent&order=ASC&bath%5B%5D=2-bath
wb_20241211154506_tesora_floorplans.html	20241211154506	https://www.livetesora.com/floor-plans/?view=list
wb_20241211155048_tesora_floorplans.html	20241211155048	https://www.livetesora.com/floor-plans/?bed%5B%5D=1-bed&view=grid&sort=vacantdate&order=ASC&bath%5B%5D=1-bath
wb_20241211155215_tesora_floorplans.html	20241211155215	https://www.livetesora.com/floor-plans/?view=grid&sort=vacantdate&order=DESC&bath%5B%5D=1-bath
wb_20241211155317_tesora_floorplans.html	20241211155317	https://www.livetesora.com/floor-plans/?bed%5B%5D=1-bed&view=grid&sort=unitrent&order=ASC
wb_20241211155659_tesora_unit-03-309.html	20241211155659	https://www.livetesora.com/floor-plans/apartment/03-309
wb_20241211155952_tesora_floorplans.html	20241211155952	https://www.livetesora.com/floor-plans/?bed%5B%5D=2-bed&view=grid&sort=vacantdate&order=ASC
wb_20241211160038_tesora_floorplans.html	20241211160038	https://www.livetesora.com/floor-plans/?bed%5B%5D=1-bed&view=grid&sort=minsquarefeet&order=DESC
wb_20241211160259_tesora_unit-05-306.html	20241211160259	https://www.livetesora.com/floor-plans/apartment/05-306
wb_20241211160439_tesora_floorplans.html	20241211160439	https://www.livetesora.com/floor-plans/?bath%5B%5D=1-bath&view=grid&sort=unitrent&order=DESC
wb_20241211160535_tesora_floorplans.html	20241211160535	https://www.livetesora.com/floor-plans/?bed%5B%5D=2-bed&sort=unitrent&order=DESC&view=grid
wb_20241211160550_tesora_unit-04-205.html	20241211160550	https://www.livetesora.com/floor-plans/apartment/04-205
wb_20241211161029_tesora_unit-05-107.html	20241211161029	https://www.livetesora.com/floor-plans/apartment/05-107
wb_20241211161038_tesora_floorplans.html	20241211161038	https://www.livetesora.com/floor-plans/?bath%5B%5D=2-bath&sort=vacantdate&order=ASC&view=grid
wb_20241211161752_tesora_floorplans.html	20241211161752	https://www.livetesora.com/floor-plans/?bed%5B%5D=2-bed&sort=unitrent&order=ASC&view=grid
wb_20241211162020_tesora_floorplans.html	20241211162020	https://www.livetesora.com/floor-plans/?bath%5B%5D=2-bath&view=grid&sort=minsquarefeet&order=ASC
wb_20241211162142_tesora_floorplans.html	20241211162142	https://www.livetesora.com/floor-plans/?bath%5B%5D=1-bath&floorplanid=5187837&view=grid&sort=unitrent&order=DESC
wb_20241211162312_tesora_unit-02-209.html	20241211162312	https://www.livetesora.com/floor-plans/apartment/02-209
wb_20241211162423_tesora_floorplans.html	20241211162423	https://www.livetesora.com/floor-plans/?bed%5B%5D=1-bed&floorplanid=5187837&view=grid&sort=vacantdate&order=ASC&bath%5B%5D=1-bath
wb_20241211162637_tesora_floorplans.html	20241211162637	https://www.livetesora.com/floor-plans/?bath%5B%5D=2-bath&sort=minsquarefeet&order=DESC&view=grid
wb_20241211162913_tesora_floorplans.html	20241211162913	https://www.livetesora.com/floor-plans/?bed%5B%5D=2-bed&view=grid&sort=unitrent&order=ASC
wb_20241211163411_tesora_floorplans.html	20241211163411	https://www.livetesora.com/floor-plans/?bath%5B%5D=1-bath&view=grid&sort=minsquarefeet&order=DESC&bed%5B%5D=1-bed
wb_20241211163531_tesora_floorplans.html	20241211163531	https://www.livetesora.com/floor-plans/?bed%5B%5D=2-bed&view=grid&sort=minsquarefeet&order=DESC
wb_20241211163801_tesora_floorplans.html	20241211163801	https://www.livetesora.com/floor-plans/?bath%5B%5D=2-bath&view=grid&sort=minsquarefeet&order=DESC&bed%5B%5D=2-bed
wb_20241211163840_tesora_floorplans.html	20241211163840	https://www.livetesora.com/floor-plans/?bed%5B%5D=1-bed&floorplanid=5187837&sort=vacantdate&order=ASC&view=list
wb_20241211164030_tesora_floorplans.html	20241211164030	https://www.livetesora.com/floor-plans/?bed%5B%5D=1-bed&sort=minsquarefeet&order=DESC&view=grid
wb_20241211164106_tesora_floorplans.html	20241211164106	https://www.livetesora.com/floor-plans/?sort=minsquarefeet&order=ASC&view=list
wb_20241211164142_tesora_floorplans.html	20241211164142	https://www.livetesora.com/floor-plans/?bed%5B%5D=2-bed&view=grid&sort=minsquarefeet&order=DESC&bath%5B%5D=2-bath
wb_20241211164253_tesora_unit-01-302.html	20241211164253	https://www.livetesora.com/floor-plans/apartment/01-302
wb_20241211164329_tesora_floorplans.html	20241211164329	https://www.livetesora.com/floor-plans/?bed%5B%5D=1-bed&view=grid&sort=minsquarefeet&order=ASC
wb_20241211164440_tesora_unit-03-305.html	20241211164440	https://www.livetesora.com/floor-plans/apartment/03-305
wb_20241211164633_tesora_floorplans.html	20241211164633	https://www.livetesora.com/floor-plans/?bath%5B%5D=2-bath&sort=unitrent&order=DESC&view=grid
wb_20241211165108_tesora_floorplans.html	20241211165108	https://www.livetesora.com/floor-plans/?bath%5B%5D=1-bath&sort=minsquarefeet&order=DESC&view=list
wb_20241211165216_tesora_floorplans.html	20241211165216	https://www.livetesora.com/floor-plans/?floorplanid=5187837&view=grid&sort=vacantdate&order=DESC&bed%5B%5D=1-bed
wb_20250117132413_tesora_floorplans.html	20250117132413	https://www.livetesora.com/floor-plans/?bed%5B%5D=1-bed&view=grid&sort=vacantdate&order=DESC
wb_20250117133130_tesora_floorplans.html	20250117133130	https://www.livetesora.com/floor-plans/?bed%5B%5D=1-bed&bath%5B%5D=1-bath&view=grid&sort=unitrent&order=ASC
wb_20250117133311_tesora_floorplans.html	20250117133311	https://www.livetesora.com/floor-plans/?sort=unitrent&order=ASC
wb_20250117133453_tesora_floorplans.html	20250117133453	https://www.livetesora.com/floor-plans/?bath%5B%5D=2-bath&view=grid&sort=unitrent&order=ASC&bed%5B%5D=2-bed
wb_20250117133607_tesora_floorplans.html	20250117133607	https://www.livetesora.com/floor-plans/?bed%5B%5D=2-bed&floorplanid=5187841&view=grid&sort=unitrent&order=ASC
wb_20250117133955_tesora_floorplans.html	20250117133955	https://www.livetesora.com/floor-plans/?bed%5B%5D=2-bed&bath%5B%5D=2-bath&sort=minsquarefeet&order=DESC&view=list
wb_20250117134121_tesora_floorplans.html	20250117134121	https://www.livetesora.com/floor-plans/?bed%5B%5D=1-bed&bath%5B%5D=1-bath&view=grid&sort=minsquarefeet&order=ASC
wb_20250117141026_tesora_floorplans.html	20250117141026	https://www.livetesora.com/floor-plans/?bath%5B%5D=2-bath&view=grid&sort=unitrent&order=ASC&bed%5B%5D=3-bed
wb_20250117141151_tesora_floorplans.html	20250117141151	https://www.livetesora.com/floor-plans/?bed%5B%5D=2-bed&bath%5B%5D=2-bath&view=grid&sort=minsquarefeet&order=DESC
wb_20250117141324_tesora_floorplans.html	20250117141324	https://www.livetesora.com/floor-plans/?bath%5B%5D=1-bath&floorplanid=5187837&view=grid&sort=unitrent&order=ASC
wb_20250117141458_tesora_floorplans.html	20250117141458	https://www.livetesora.com/floor-plans/?bed%5B%5D=2-bed&bath%5B%5D=2-bath&sort=minsquarefeet&order=DESC&view=grid
wb_20250117141808_tesora_floorplans.html	20250117141808	https://www.livetesora.com/floor-plans/?bath%5B%5D=2-bath&sort=unitrent&order=ASC&view=list
wb_20250117141900_tesora_floorplans.html	20250117141900	https://www.livetesora.com/floor-plans/?bed%5B%5D=2-bed&floorplanid=5187841&view=grid&sort=minsquarefeet&order=DESC
wb_20250117141948_tesora_floorplans.html	20250117141948	https://www.livetesora.com/floor-plans/?bed%5B%5D=2-bed&floorplanid=5187841&view=grid&sort=vacantdate&order=ASC
wb_20250117142654_tesora_floorplans.html	20250117142654	https://www.livetesora.com/floor-plans/?bed%5B%5D=2-bed&bath%5B%5D=2-bath&view=grid&sort=vacantdate&order=ASC
wb_20250117143000_tesora_floorplans.html	20250117143000	https://www.livetesora.com/floor-plans/?bath%5B%5D=1-bath&floorplanid=5187837&view=grid&sort=vacantdate&order=ASC
wb_20250117143426_tesora_floorplans.html	20250117143426	https://www.livetesora.com/floor-plans/?bed%5B%5D=1-bed&bath%5B%5D=1-bath&view=grid&sort=minsquarefeet&order=DESC
wb_20250117144657_tesora_floorplans.html	20250117144657	https://www.livetesora.com/floor-plans/?bed%5B%5D=2-bed&floorplanid=5187841&view=grid&sort=unitrent&order=DESC
wb_20250117144732_tesora_floorplans.html	20250117144732	https://www.livetesora.com/floor-plans/?bed%5B%5D=1-bed&bath%5B%5D=1-bath&view=grid&sort=vacantdate&order=ASC
wb_20250117145134_tesora_floorplans.html	20250117145134	https://www.livetesora.com/floor-plans/?bed%5B%5D=1-bed&bath%5B%5D=1-bath&sort=unitrent&order=ASC&view=list
wb_20250117145513_tesora_floorplans.html	20250117145513	https://www.livetesora.com/floor-plans/?view=grid&sort=unitrent&order=ASC&bed%5B%5D=3-bed
wb_20250117145634_tesora_floorplans.html	20250117145634	https://www.livetesora.com/floor-plans/?bed%5B%5D=1-bed&bath%5B%5D=1-bath&sort=unitrent&order=ASC&view=grid
wb_20250117145957_tesora_floorplans.html	20250117145957	https://www.livetesora.com/floor-plans/?bed%5B%5D=2-bed&floorplanid=5187841&sort=vacantdate&order=ASC&view=grid
wb_20250117150152_tesora_floorplans.html	20250117150152	https://www.livetesora.com/floor-plans/?bed%5B%5D=1-bed&sort=unitrent&order=DESC&view=list
wb_20250117150905_tesora_floorplans.html	20250117150905	https://www.livetesora.com/floor-plans/?bed%5B%5D=2-bed&bath%5B%5D=2-bath&view=grid&sort=unitrent&order=DESC
wb_20250117151618_tesora_floorplans.html	20250117151618	https://www.livetesora.com/floor-plans/?bed%5B%5D=2-bed&floorplanid=5187841&view=grid&sort=vacantdate&order=DESC
wb_20250117152017_tesora_floorplans.html	20250117152017	https://www.livetesora.com/floor-plans/?bath%5B%5D=2-bath&view=grid&sort=unitrent&order=DESC
wb_20250117152754_tesora_floorplans.html	20250117152754	https://www.livetesora.com/floor-plans/?bed%5B%5D=1-bed&bath%5B%5D=1-bath&view=grid&sort=unitrent&order=DESC
wb_20250117153143_tesora_floorplans.html	20250117153143	https://www.livetesora.com/floor-plans/?bath%5B%5D=1-bath&floorplanid=5187837&view=grid&sort=minsquarefeet&order=ASC
wb_20250117153602_tesora_floorplans.html	20250117153602	https://www.livetesora.com/floor-plans/?bed%5B%5D=2-bed&bath%5B%5D=2-bath&view=grid&sort=vacantdate&order=DESC
wb_20250117154026_tesora_floorplans.html	20250117154026	https://www.livetesora.com/floor-plans/?bed%5B%5D=2-bed&bath%5B%5D=2-bath&view=grid&sort=unitrent&order=ASC
wb_20250117155419_tesora_floorplans.html	20250117155419	https://www.livetesora.com/floor-plans/?bed%5B%5D=2-bed&floorplanid=5187841&view=grid&sort=minsquarefeet&order=ASC
wb_20250117155459_tesora_floorplans.html	20250117155459	https://www.livetesora.com/floor-plans/?bed%5B%5D=2-bed&bath%5B%5D=2-bath&view=grid&sort=minsquarefeet&order=ASC
wb_20250117155535_tesora_floorplans.html	20250117155535	https://www.livetesora.com/floor-plans/?bed%5B%5D=2-bed&floorplanid=5187841&sort=vacantdate&order=ASC&view=list
wb_20250117155600_tesora_floorplans.html	20250117155600	https://www.livetesora.com/floor-plans/?bath%5B%5D=2-bath&view=grid&sort=vacantdate&order=DESC
wb_20250124104436_prosestevenspointe_fp-b1.html	20250124104436	https://prosestevenspointe.com/floorplans/b1/
wb_20250211105631_tesora_floorplans.html	20250211105631	https://www.livetesora.com/floor-plans/?bath%5B%5D=2-bath&floorplanid=5187841&view=grid&sort=vacantdate&order=ASC&bed%5B%5D=2-bed
wb_20250211110757_tesora_floorplans.html	20250211110757	https://www.livetesora.com/floor-plans/?bed%5B%5D=1-bed&view=grid&sort=vacantdate&order=DESC&bath%5B%5D=1-bath
wb_20250211110912_tesora_floorplans.html	20250211110912	https://www.livetesora.com/floor-plans/?view=grid&sort=unitrent&order=ASC&bed%5B%5D=1-bed
wb_20250211113538_tesora_floorplans.html	20250211113538	https://www.livetesora.com/floor-plans/?view=grid&sort=unitrent&order=DESC
wb_20250211114519_tesora_floorplans.html	20250211114519	https://www.livetesora.com/floor-plans/?view=grid&sort=unitrent&order=DESC&bed%5B%5D=1-bed
wb_20250211115432_tesora_floorplans.html	20250211115432	https://www.livetesora.com/floor-plans/?floorplanid=5187837&view=grid&sort=vacantdate&order=ASC&bath%5B%5D=1-bath
wb_20250211120405_tesora_floorplans.html	20250211120405	https://www.livetesora.com/floor-plans/?bed%5B%5D=2-bed&bath%5B%5D=2-bath&sort=unitrent&order=ASC&view=list
wb_20250211121220_tesora_floorplans.html	20250211121220	https://www.livetesora.com/floor-plans/?sort=vacantdate&order=DESC
wb_20250211124211_tesora_floorplans.html	20250211124211	https://www.livetesora.com/floor-plans/?bed%5B%5D=3-bed&view=grid&sort=unitrent&order=ASC&bath%5B%5D=2-bath
wb_20250211125355_tesora_floorplans.html	20250211125355	https://www.livetesora.com/floor-plans/?view=grid&sort=vacantdate&order=ASC
wb_20250211130910_tesora_floorplans.html	20250211130910	https://www.livetesora.com/floor-plans/?floorplanid=5187841&view=grid&sort=vacantdate&order=DESC&bed%5B%5D=2-bed
wb_20250211131713_tesora_floorplans.html	20250211131713	https://www.livetesora.com/floor-plans/?bed%5B%5D=1-bed&bath%5B%5D=1-bath&sort=unitrent&order=DESC&view=grid
wb_20250219051418_prosehorizonsvillage_floorplans.html	20250219051418	https://prosehorizonsvillage.com/floorplans/
wb_20250327234906_prosestevenspointe_fp-a1.html	20250327234906	https://prosestevenspointe.com/floorplans/a1/
wb_20250328014445_tesora_floorplans.html	20250328014445	https://www.livetesora.com/floor-plans/?bath%5B%5D=1-bath&floorplanid=5187837&sort=vacantdate&order=ASC&view=list
wb_20250328014956_tesora_floorplans.html	20250328014956	https://www.livetesora.com/floor-plans/?sort=minsquarefeet&order=DESC
wb_20250328020731_tesora_floorplans.html	20250328020731	https://www.livetesora.com/floor-plans/?view=grid&sort=unitrent&order=ASC
wb_20250328023250_tesora_floorplans.html	20250328023250	https://www.livetesora.com/floor-plans/?sort=vacantdate&order=ASC
wb_20250328023859_tesora_floorplans.html	20250328023859	https://www.livetesora.com/floor-plans/?bed%5B%5D=1-bed&view=grid&sort=unitrent&order=ASC
wb_20250328024745_tesora_floorplans.html	20250328024745	https://www.livetesora.com/floor-plans/?bath%5B%5D=2-bath&view=grid&sort=vacantdate&order=ASC
wb_20250328025054_tesora_floorplans.html	20250328025054	https://www.livetesora.com/floor-plans/?view=grid&sort=unitrent&order=DESC&bed%5B%5D=2-bed
wb_20250328025129_tesora_floorplans.html	20250328025129	https://www.livetesora.com/floor-plans/?sort=unitrent&order=ASC&view=list
wb_20250328025246_tesora_floorplans.html	20250328025246	https://www.livetesora.com/floor-plans/?bath%5B%5D=1-bath&view=grid&sort=unitrent&order=ASC&bed%5B%5D=1-bed
wb_20250328032029_tesora_floorplans.html	20250328032029	https://www.livetesora.com/floor-plans/?bath%5B%5D=2-bath&view=grid&sort=minsquarefeet&order=DESC&bed%5B%5D=2-bed
wb_20250328032244_tesora_floorplans.html	20250328032244	https://www.livetesora.com/floor-plans/?view=grid&sort=unitrent&order=ASC&bed%5B%5D=2-bed
wb_20250328032453_tesora_floorplans.html	20250328032453	https://www.livetesora.com/floor-plans/?bed%5B%5D=1-bed&view=grid&sort=minsquarefeet&order=ASC
wb_20250328033328_tesora_floorplans.html	20250328033328	https://www.livetesora.com/floor-plans/?view=grid&sort=vacantdate&order=DESC
wb_20250426230251_tesora_floorplans.html	20250426230251	https://www.livetesora.com/floor-plans/?view=grid&sort=vacantdate&order=ASC&bed%5B%5D=2-bed
wb_20250426233047_tesora_floorplans.html	20250426233047	https://www.livetesora.com/floor-plans/?view=grid&sort=minsquarefeet&order=DESC&bed%5B%5D=1-bed
wb_20250426233141_tesora_floorplans.html	20250426233141	https://www.livetesora.com/floor-plans/?view=grid&sort=vacantdate&order=ASC&bath%5B%5D=1-bath
wb_20250426235419_tesora_floorplans.html	20250426235419	https://www.livetesora.com/floor-plans/?bed%5B%5D=1-bed&view=grid&sort=vacantdate&order=ASC
wb_20250427001228_tesora_floorplans.html	20250427001228	https://www.livetesora.com/floor-plans/?bed%5B%5D=1-bed&sort=unitrent&order=ASC&view=grid
wb_20250427003640_tesora_floorplans.html	20250427003640	https://www.livetesora.com/floor-plans/?view=grid&sort=vacantdate&order=ASC&bed%5B%5D=1-bed
wb_20250427005913_tesora_floorplans.html	20250427005913	https://www.livetesora.com/floor-plans/?bed%5B%5D=2-bed&view=grid&sort=unitrent&order=ASC
wb_20250427011554_tesora_floorplans.html	20250427011554	https://www.livetesora.com/floor-plans/?floorplanid=5187837&view=grid&sort=vacantdate&order=ASC&bed%5B%5D=1-bed
wb_20250514004553_tesora_floorplans.html	20250514004553	https://www.livetesora.com/floor-plans/?bath%5B%5D=2-bath&view=grid&sort=minsquarefeet&order=DESC
wb_20250514005130_tesora_floorplans.html	20250514005130	https://www.livetesora.com/floor-plans/?bath%5B%5D=2-bath&sort=unitrent&order=ASC&view=grid
wb_20250514010032_tesora_floorplans.html	20250514010032	https://www.livetesora.com/floor-plans/?bath%5B%5D=2-bath&sort=minsquarefeet&order=DESC&view=list
wb_20250514011340_tesora_floorplans.html	20250514011340	https://www.livetesora.com/floor-plans/?sort=minsquarefeet&order=DESC&view=list
wb_20250514012444_tesora_floorplans.html	20250514012444	https://www.livetesora.com/floor-plans/?floorplanid=5187841&view=grid&sort=vacantdate&order=ASC&bath%5B%5D=2-bath
wb_20250514012603_tesora_floorplans.html	20250514012603	https://www.livetesora.com/floor-plans/?floorplanid=5187836&view=grid&sort=vacantdate&order=ASC&bath%5B%5D=1-bath
wb_20250514012639_tesora_floorplans.html	20250514012639	https://www.livetesora.com/floor-plans/?floorplanid=5187841&view=grid&sort=vacantdate&order=ASC&bed%5B%5D=2-bed
wb_20250514013013_tesora_floorplans.html	20250514013013	https://www.livetesora.com/floor-plans/?bath%5B%5D=1-bath&floorplanid=5187837&view=grid&sort=unitrent&order=ASC
wb_20250514013124_tesora_floorplans.html	20250514013124	https://www.livetesora.com/floor-plans/?bath%5B%5D=1-bath&floorplanid=5187837&view=grid&sort=minsquarefeet&order=DESC
wb_20250514013645_tesora_floorplans.html	20250514013645	https://www.livetesora.com/floor-plans/?bath%5B%5D=1-bath&floorplanid=5187837&sort=vacantdate&order=ASC&view=grid
wb_20250514013800_tesora_floorplans.html	20250514013800	https://www.livetesora.com/floor-plans/?bath%5B%5D=1-bath&floorplanid=5187837&view=grid&sort=vacantdate&order=DESC
wb_20250514014714_tesora_unit-01-203.html	20250514014714	https://www.livetesora.com/floor-plans/apartment/01-203
wb_20250514020122_tesora_floorplans.html	20250514020122	https://www.livetesora.com/floor-plans/?floorplanid=5187837&view=grid&sort=vacantdate&order=DESC&bath%5B%5D=1-bath
wb_20250514020315_tesora_unit-07-303.html	20250514020315	https://www.livetesora.com/floor-plans/apartment/07-303
wb_20250514022304_tesora_floorplans.html	20250514022304	https://www.livetesora.com/floor-plans/?floorplanid=5187841&view=grid&sort=unitrent&order=DESC&bath%5B%5D=2-bath
wb_20250514022413_tesora_floorplans.html	20250514022413	https://www.livetesora.com/floor-plans/?view=grid&sort=minsquarefeet&order=DESC&bath%5B%5D=2-bath
wb_20250514023018_tesora_floorplans.html	20250514023018	https://www.livetesora.com/floor-plans/?floorplanid=5187841&view=grid&sort=unitrent&order=DESC&bed%5B%5D=2-bed
wb_20250514023051_tesora_floorplans.html	20250514023051	https://www.livetesora.com/floor-plans/?sort=unitrent&order=DESC&view=list
wb_20250514023339_tesora_unit-08-303.html	20250514023339	https://www.livetesora.com/floor-plans/apartment/08-303
wb_20250514024415_tesora_floorplans.html	20250514024415	https://www.livetesora.com/floor-plans/?floorplanid=5187837&view=grid&sort=vacantdate&order=DESC&bed%5B%5D=1-bed
wb_20250518161434_prosestevenspointe_floorplans.html	20250518161434	https://prosestevenspointe.com/floorplans/
wb_20250518164730_prosestevenspointe_fp-b1.html	20250518164730	https://prosestevenspointe.com/floorplans/b1/
wb_20250621161125_tesora_floorplans.html	20250621161125	https://www.livetesora.com/floor-plans/?view=grid&sort=minsquarefeet&order=ASC
wb_20250621161746_tesora_floorplans.html	20250621161746	https://www.livetesora.com/floor-plans/?view=grid&sort=minsquarefeet&order=DESC
wb_20250621162526_tesora_floorplans.html	20250621162526	https://www.livetesora.com/floor-plans/?bath%5B%5D=2-bath&floorplanid=5187841&sort=unitrent&order=DESC&view=list
wb_20250621162631_tesora_floorplans.html	20250621162631	https://www.livetesora.com/floor-plans/?bed%5B%5D=1-bed&sort=vacantdate&order=ASC&view=list
wb_20250621162720_tesora_floorplans.html	20250621162720	https://www.livetesora.com/floor-plans/?bath%5B%5D=2-bath&floorplanid=5187841&view=grid&sort=unitrent&order=DESC
wb_20250621163144_tesora_floorplans.html	20250621163144	https://www.livetesora.com/floor-plans/?bed%5B%5D=1-bed&view=grid&sort=unitrent&order=DESC
wb_20250621163833_tesora_floorplans.html	20250621163833	https://www.livetesora.com/floor-plans/?view=grid&sort=unitrent&order=ASC&bath%5B%5D=1-bath
wb_20250621164311_tesora_floorplans.html	20250621164311	https://www.livetesora.com/floor-plans/?floorplanid=5187837&view=grid&sort=unitrent&order=DESC&bed%5B%5D=1-bed
wb_20250621164356_tesora_floorplans.html	20250621164356	https://www.livetesora.com/floor-plans/?view=grid&sort=unitrent&order=DESC
wb_20250621164453_tesora_floorplans.html	20250621164453	https://www.livetesora.com/floor-plans/?bath%5B%5D=2-bath&floorplanid=5187841&view=grid&sort=minsquarefeet&order=ASC
wb_20250621164641_tesora_floorplans.html	20250621164641	https://www.livetesora.com/floor-plans/?view=grid&sort=unitrent&order=ASC
wb_20250621165114_tesora_floorplans.html	20250621165114	https://www.livetesora.com/floor-plans/?view=grid&sort=minsquarefeet&order=ASC&bed%5B%5D=2-bed
wb_20250621165457_tesora_floorplans.html	20250621165457	https://www.livetesora.com/floor-plans/?bed%5B%5D=2-bed&bath%5B%5D=2-bath&sort=minsquarefeet&order=DESC&view=grid
wb_20250621165909_tesora_floorplans.html	20250621165909	https://www.livetesora.com/floor-plans/?floorplanid=5187837&view=grid&sort=unitrent&order=DESC&bath%5B%5D=1-bath
wb_20250621170653_tesora_floorplans.html	20250621170653	https://www.livetesora.com/floor-plans/?view=list
wb_20250621171747_tesora_floorplans.html	20250621171747	https://www.livetesora.com/floor-plans/?view=grid&sort=vacantdate&order=ASC&bath%5B%5D=2-bath
wb_20250621171822_tesora_floorplans.html	20250621171822	https://www.livetesora.com/floor-plans/?sort=minsquarefeet&order=DESC&view=grid
wb_20250621171856_tesora_floorplans.html	20250621171856	https://www.livetesora.com/floor-plans/?bed%5B%5D=1-bed&view=grid&sort=minsquarefeet&order=DESC
wb_20250621172229_tesora_floorplans.html	20250621172229	https://www.livetesora.com/floor-plans/?bed%5B%5D=1-bed&bath%5B%5D=1-bath&sort=unitrent&order=ASC&view=grid
wb_20250621172733_tesora_floorplans.html	20250621172733	https://www.livetesora.com/floor-plans/?bath%5B%5D=2-bath&sort=vacantdate&order=ASC&view=grid
wb_20250621172807_tesora_floorplans.html	20250621172807	https://www.livetesora.com/floor-plans/?bath%5B%5D=2-bath&floorplanid=5187841&view=grid&sort=unitrent&order=DESC&bed%5B%5D=2-bed
wb_20250621173307_tesora_floorplans.html	20250621173307	https://www.livetesora.com/floor-plans/?bed%5B%5D=2-bed&bath%5B%5D=2-bath&view=grid&sort=unitrent&order=DESC
wb_20250621173341_tesora_floorplans.html	20250621173341	https://www.livetesora.com/floor-plans/?bath%5B%5D=1-bath&floorplanid=5187837&view=grid&sort=unitrent&order=DESC
wb_20250621173521_tesora_floorplans.html	20250621173521	https://www.livetesora.com/floor-plans/?view=grid&sort=minsquarefeet&order=DESC&bed%5B%5D=3-bed
wb_20250621173810_tesora_floorplans.html	20250621173810	https://www.livetesora.com/floor-plans/?sort=minsquarefeet&order=ASC
wb_20250621173946_tesora_floorplans.html	20250621173946	https://www.livetesora.com/floor-plans/?bath%5B%5D=2-bath&floorplanid=5187841&view=grid&sort=unitrent&order=ASC
wb_20250621174014_tesora_floorplans.html	20250621174014	https://www.livetesora.com/floor-plans/?bath%5B%5D=2-bath&floorplanid=5187841&view=grid&sort=minsquarefeet&order=DESC
wb_20250621174142_tesora_floorplans.html	20250621174142	https://www.livetesora.com/floor-plans/?bath%5B%5D=2-bath&view=grid&sort=unitrent&order=DESC
wb_20250621174413_tesora_floorplans.html	20250621174413	https://www.livetesora.com/floor-plans/?view=grid&sort=vacantdate&order=ASC
wb_20250621174443_tesora_floorplans.html	20250621174443	https://www.livetesora.com/floor-plans/?view=grid&sort=minsquarefeet&order=DESC&bath%5B%5D=1-bath
wb_20250621174641_tesora_floorplans.html	20250621174641	https://www.livetesora.com/floor-plans/?bath%5B%5D=2-bath&floorplanid=5187841&view=grid&sort=vacantdate&order=DESC
wb_20250621174841_tesora_floorplans.html	20250621174841	https://www.livetesora.com/floor-plans/?bath%5B%5D=2-bath&floorplanid=5187841&view=grid&sort=vacantdate&order=ASC
wb_20250621174913_tesora_floorplans.html	20250621174913	https://www.livetesora.com/floor-plans/?floorplanid=5187841&view=list&sort=vacantdate&order=ASC&bath%5B%5D=2-bath
wb_20250621174946_tesora_floorplans.html	20250621174946	https://www.livetesora.com/floor-plans/?floorplanid=5187841&view=list&sort=vacantdate&order=ASC&bed%5B%5D=2-bed
wb_20250621175047_tesora_floorplans.html	20250621175047	https://www.livetesora.com/floor-plans/?bed%5B%5D=1-bed&sort=minsquarefeet&order=DESC&view=grid
wb_20250621175146_tesora_floorplans.html	20250621175146	https://www.livetesora.com/floor-plans/?bed%5B%5D=2-bed&view=grid&sort=minsquarefeet&order=DESC&bath%5B%5D=2-bath
wb_20250621175551_tesora_floorplans.html	20250621175551	https://www.livetesora.com/floor-plans/?bed%5B%5D=2-bed&view=grid&sort=vacantdate&order=ASC&bath%5B%5D=2-bath
wb_20250621175823_tesora_floorplans.html	20250621175823	https://www.livetesora.com/floor-plans/?view=grid&sort=minsquarefeet&order=DESC&bed%5B%5D=2-bed
wb_20250621180254_tesora_floorplans.html	20250621180254	https://www.livetesora.com/floor-plans/?bath%5B%5D=2-bath&floorplanid=5187841&sort=unitrent&order=DESC&view=grid
wb_20250708011106_tesora_floorplans.html	20250708011106	https://www.livetesora.com/floor-plans/?bed%5B%5D=2-bed&bath%5B%5D=2-bath&sort=minsquarefeet&order=DESC&view=list
wb_20250708011443_tesora_floorplans.html	20250708011443	https://www.livetesora.com/floor-plans/?view=grid&sort=vacantdate&order=DESC&bed%5B%5D=2-bed
wb_20250708014043_tesora_floorplans.html	20250708014043	https://www.livetesora.com/floor-plans/?floorplanid=5187839&view=grid&sort=vacantdate&order=ASC&bath%5B%5D=2-bath
wb_20250708014835_tesora_floorplans.html	20250708014835	https://www.livetesora.com/floor-plans/?bed%5B%5D=1-bed&sort=unitrent&order=DESC&view=grid
wb_20250708015152_tesora_floorplans.html	20250708015152	https://www.livetesora.com/floor-plans/?view=grid&sort=unitrent&order=DESC&bath%5B%5D=2-bath
wb_20250708020506_tesora_floorplans.html	20250708020506	https://www.livetesora.com/floor-plans/?bed%5B%5D=1-bed&bath%5B%5D=1-bath&view=grid&sort=minsquarefeet&order=DESC
wb_20250708021451_tesora_floorplans.html	20250708021451	https://www.livetesora.com/floor-plans/?bed%5B%5D=1-bed&bath%5B%5D=1-bath&view=grid&sort=vacantdate&order=ASC
wb_20250708021641_tesora_floorplans.html	20250708021641	https://www.livetesora.com/floor-plans/?bed%5B%5D=2-bed&sort=unitrent&order=ASC&view=list
wb_20250708021916_tesora_floorplans.html	20250708021916	https://www.livetesora.com/floor-plans/?sort=unitrent&order=DESC&view=grid
wb_20250708023739_tesora_floorplans.html	20250708023739	https://www.livetesora.com/floor-plans/?view=grid
wb_20250708023930_tesora_floorplans.html	20250708023930	https://www.livetesora.com/floor-plans/?bed%5B%5D=2-bed&floorplanid=5187841&view=grid&sort=vacantdate&order=DESC
wb_20250708024839_tesora_floorplans.html	20250708024839	https://www.livetesora.com/floor-plans/?bed%5B%5D=2-bed&view=grid&sort=minsquarefeet&order=DESC
wb_20250708025211_tesora_floorplans.html	20250708025211	https://www.livetesora.com/floor-plans/?bed%5B%5D=1-bed&floorplanid=5187837&sort=vacantdate&order=ASC&view=list
wb_20250708025603_tesora_floorplans.html	20250708025603	https://www.livetesora.com/floor-plans/?bath%5B%5D=1-bath&sort=unitrent&order=ASC&view=grid
wb_20250708030358_tesora_floorplans.html	20250708030358	https://www.livetesora.com/floor-plans/?view=grid&sort=vacantdate&order=DESC
wb_20250708030846_tesora_floorplans.html	20250708030846	https://www.livetesora.com/floor-plans/?bed%5B%5D=2-bed&floorplanid=5187841&view=grid&sort=vacantdate&order=ASC&bath%5B%5D=2-bath
wb_20250708031021_tesora_floorplans.html	20250708031021	https://www.livetesora.com/floor-plans/?bath%5B%5D=2-bath&view=grid&sort=vacantdate&order=DESC
wb_20250714120528_prosehorizonsvillage_floorplans.html	20250714120528	https://prosehorizonsvillage.com/floorplans/
wb_20250916043725_prosestevenspointe_fp-b1.html	20250916043725	https://prosestevenspointe.com/floorplans/b1/
wb_20251111021843_prosehorizonsvillage_fp-a1.html	20251111021843	https://prosehorizonsvillage.com/floorplans/a1/
wb_20260312171802_prosehorizonsvillage_fp-a1.html	20260312171802	https://prosehorizonsvillage.com/floorplans/a1/
